Workout Timestamp,Live/On-Demand,Instructor Name,Length (minutes),Fitness Discipline,Type,Title,Class Timestamp,Total Output,Avg. Watts,Avg. Resistance,Avg. Cadence (RPM),Avg. Speed (mph),Distance (mi),Calories Burned,Avg. Heartrate,Avg. Incline,Avg. Pace (min/mi)
2020-03-23 15:41 (BST),On Demand,Jess King,20,Cycling,Climb,20 min Climb Ride,2020-03-20 15:02 (BST),,,,,,,109,,,
2020-03-24 16:43 (BST),On Demand,Denis Morton,20,Cycling,Intervals,20 min HIIT Ride,2020-03-23 20:00 (BST),,,,,,,100,,,
2020-03-25 16:19 (BST),On Demand,Tunde Oyeneyin,20,Cycling,Intervals,20 min Tabata Ride,2020-03-24 14:32 (BST),,,,,,,113,,,
2020-03-26 16:19 (BST),On Demand,Leanne Hainsby,20,Cycling,Intervals,20 min Tabata Ride,2020-03-12 08:49 (BST),,,,,,,110,,,
2020-03-30 16:12 (BST),On Demand,Hannah Frankson,15,Cycling,Intervals,15 min Tabata Ride,2020-03-27 14:07 (BST),,,,,,,1,,,
2020-03-30 16:14 (BST),On Demand,Leanne Hainsby,20,Cycling,Intervals,20 min Tabata Ride,2020-03-12 08:49 (BST),,,,,,,,,,
2020-03-30 16:15 (BST),On Demand,Leanne Hainsby,20,Cycling,Intervals,20 min Tabata Ride,2020-02-27 09:51 (BST),,,,,,,111,,,
2020-03-31 14:38 (BST),On Demand,Hannah Frankson,20,Cycling,Intervals,20 min HIIT Ride,2020-03-11 08:51 (BST),,,,,,,111,,,
2020-04-03 09:40 (BST),On Demand,Leanne Hainsby,20,Cycling,Intervals,20 min Tabata Ride,2020-03-12 08:49 (BST),,,,,,,106,,,
2020-04-06 16:21 (BST),On Demand,Sam Yo,20,Cycling,Intervals,20 min HIIT Ride,2020-03-03 09:50 (BST),,,,,,,109,,,
2020-04-09 12:52 (BST),On Demand,Leanne Hainsby,20,Cycling,Intervals,20 min Tabata Ride,2020-03-12 08:49 (BST),,,,,,,108,,,
2020-04-13 10:15 (BST),On Demand,Kendall Toole,20,Cycling,Intervals,20 min Tabata Ride,2020-04-02 15:31 (BST),,,,,,,110,,,
2020-04-17 11:51 (BST),On Demand,Hannah Frankson,20,Cycling,Intervals,20 min HIIT Ride,2020-01-08 09:50 (BST),,,,,,,106,,,
2020-04-19 11:37 (BST),On Demand,Kendall Toole,20,Cycling,Intervals,20 min Tabata Ride,2020-04-02 15:31 (BST),,,,,,,107,,,
2020-04-20 11:07 (BST),On Demand,Hannah Frankson,20,Cycling,Intervals,20 min HIIT Ride,2020-03-11 08:51 (BST),,,,,,,111,,,
2020-04-22 11:41 (BST),On Demand,Leanne Hainsby,20,Cycling,Intervals,20 min Tabata Ride,2020-01-16 09:50 (BST),,,,,,,112,,,
2020-04-29 08:30 (BST),On Demand,Ben Alldis,20,Cycling,Intervals,20 min Tabata Ride,2019-11-27 05:50 (BST),,,,,,,110,,,
2020-05-01 07:27 (BST),On Demand,Leanne Hainsby,20,Cycling,Intervals,20 min HIIT Ride,2019-11-01 06:50 (BST),,,,,,,110,,,
2020-05-04 07:17 (BST),On Demand,Leanne Hainsby,20,Cycling,Intervals,20 min Tabata Ride,2019-10-09 05:47 (BST),,,,,,,109,,,
2020-05-04 22:15 (BST),On Demand,Aditi Shah,10,Meditation,Relax & Sleep,10 min Sleep Meditation,2020-04-30 00:00 (BST),,,,,,,,,,
2020-05-05 22:15 (BST),On Demand,Aditi Shah,10,Meditation,Audio Only,10 min Relaxing Meditation,2020-04-14 16:00 (BST),,,,,,,,,,
2020-05-06 07:31 (BST),On Demand,Leanne Hainsby,20,Cycling,Intervals,20 min HIIT Ride,2019-08-09 06:50 (BST),,,,,,,110,,,
2020-05-06 22:12 (BST),On Demand,Aditi Shah,10,Meditation,Relax & Sleep,10 min Sleep Meditation,2020-02-19 14:50 (BST),,,,,,,,,,
2020-05-07 22:12 (BST),On Demand,Anna Greenberg,10,Meditation,Relax & Sleep,10 min Relaxing Meditation,2019-10-10 22:12 (BST),,,,,,,,,,
2020-05-08 12:40 (BST),On Demand,Robin Arzon,20,Cycling,Climb,20 min Climb Ride,2020-03-07 12:30 (BST),,,,,,,,,,
2020-05-08 12:41 (BST),On Demand,Ben Alldis,20,Cycling,Climb,20 min Climb Ride,2020-01-31 09:50 (BST),,,,,,,53,,,
2020-05-08 22:44 (BST),On Demand,Aditi Shah,10,Meditation,Relax & Sleep,10 min Sleep Meditation,2020-04-30 00:00 (BST),,,,,,,,,,
2020-05-09 22:18 (BST),On Demand,Anna Greenberg,10,Meditation,Relax & Sleep,10 min Savasana Meditation,2020-02-19 14:40 (BST),,,,,,,,,,
2020-05-10 22:18 (BST),On Demand,Aditi Shah,10,Meditation,Relax & Sleep,10 min Sleep Meditation,2019-11-13 21:24 (BST),,,,,,,,,,
2020-05-11 07:06 (BST),On Demand,Ross Rayburn,10,Meditation,Mindfulness,10 min Breathing Meditation,2019-07-18 14:01 (BST),,,,,,,,,,
2020-05-11 07:24 (BST),On Demand,Becs Gentry,10,Stretching,Lower Body Stretch,10 min Hips Stretch,2019-12-13 15:10 (BST),,,,,,,24,,,
2020-05-11 22:16 (BST),On Demand,Aditi Shah,10,Meditation,Audio Only,10 min Relaxing Meditation,2020-04-14 16:00 (BST),,,,,,,,,,
2020-05-12 22:18 (BST),On Demand,Aditi Shah,10,Meditation,Relax & Sleep,10 min Calming Meditation,2019-04-30 14:01 (BST),,,,,,,,,,
2020-05-13 22:03 (BST),On Demand,Anna Greenberg,10,Meditation,Relax & Sleep,10 min Sleep Meditation,2020-02-19 14:55 (BST),,,,,,,,,,
2020-05-13 22:15 (BST),On Demand,Aditi Shah,10,Meditation,Relax & Sleep,10 min Sleep Meditation,2020-04-30 00:00 (BST),,,,,,,,,,
2020-05-14 21:52 (BST),On Demand,Aditi Shah,10,Meditation,Relax & Sleep,10 min Relaxing Meditation,2019-02-04 14:01 (BST),,,,,,,,,,
2020-05-15 11:56 (BST),On Demand,Becs Gentry,10,Stretching,Lower Body Stretch,10 min Hips Stretch,2019-12-13 15:10 (BST),,,,,,,18,,,
2020-05-15 22:12 (BST),On Demand,Aditi Shah,10,Meditation,Relax & Sleep,10 min Sleep Meditation,2019-03-19 15:42 (BST),,,,,,,,,,
2020-05-16 09:53 (BST),On Demand,Aditi Shah,10,Meditation,Mindfulness,10 min Body Scan Meditation,2019-10-16 21:34 (BST),,,,,,,,,,
2020-05-16 22:21 (BST),On Demand,Ross Rayburn,10,Meditation,Relax & Sleep,10 min Sleep Meditation,2020-03-11 00:01 (BST),,,,,,,,,,
2020-05-17 11:31 (BST),On Demand,Ross Rayburn,10,Meditation,Mindfulness,10 min Seasonal Meditation,2020-02-12 01:01 (BST),,,,,,,,,,
2020-05-17 11:33 (BST),On Demand,Ross Rayburn,10,Meditation,Mindfulness,10 min Breathing Meditation,2019-07-18 14:01 (BST),,,,,,,,,,
2020-05-17 22:06 (BST),On Demand,Aditi Shah,10,Meditation,Relax & Sleep,10 min Sleep Meditation,2020-02-19 14:50 (BST),,,,,,,,,,
2020-05-18 06:18 (BST),On Demand,Chase Tucker,10,Stretching,Lower Body Stretch,10 min Glutes & Legs Stretch,2020-03-10 13:56 (BST),,,,,,,25,,,
2020-05-18 22:15 (BST),On Demand,Anna Greenberg,10,Meditation,Mindfulness,10 min Breathing Meditation,2020-03-31 14:30 (BST),,,,,,,,,,
2020-05-19 06:19 (BST),On Demand,Chase Tucker,10,Stretching,Lower Body Stretch,10 min Hips Stretch,2019-07-03 16:26 (BST),,,,,,,25,,,
2020-05-19 20:30 (BST),On Demand,Hannah Corbin,10,Stretching,Lower Body Stretch,10 min Hips Stretch,2018-09-06 17:36 (BST),,,,,,,25,,,
2020-05-19 20:41 (BST),On Demand,Olivia Amato,10,Stretching,Lower Body Stretch,10 min Glutes & Legs Stretch,2018-08-09 22:05 (BST),,,,,,,50,,,
2020-05-19 22:14 (BST),On Demand,Ross Rayburn,10,Meditation,Mindfulness,10 min Breathing Meditation,2020-03-04 01:02 (BST),,,,,,,,,,
2020-05-20 07:15 (BST),On Demand,Adrian Williams,5,Stretching,Pre & Post-Run Stretch,5 min Pre-Run Warm Up,2020-05-19 15:00 (BST),,,,,,,24,,,
2020-05-20 22:05 (BST),On Demand,Ross Rayburn,10,Meditation,Mindfulness,10 min Breathing Meditation,2019-07-18 14:01 (BST),,,,,,,,,,
2020-05-21 07:24 (BST),On Demand,Becs Gentry,10,Stretching,Lower Body Stretch,10 min Hips Stretch,2019-12-13 15:10 (BST),,,,,,,18,,,
2020-05-21 22:15 (BST),On Demand,Anna Greenberg,10,Meditation,Relax & Sleep,10 min Calming Meditation,2020-02-20 01:01 (BST),,,,,,,,,,
2020-05-22 22:32 (BST),On Demand,Ross Rayburn,10,Meditation,Relax & Sleep,10 min Sleep Meditation: From Home,2020-05-19 20:08 (BST),,,,,,,,,,
2020-05-23 22:32 (BST),On Demand,Aditi Shah,10,Meditation,Emotions,10 min Peace Meditation,2020-05-05 13:50 (BST),,,,,,,,,,
2020-05-23 22:32 (BST),On Demand,Aditi Shah,15,Meditation,Audio Only,15 min Sleep Meditation,2020-03-05 16:00 (BST),,,,,,,,,,
2020-05-24 22:23 (BST),On Demand,Kristin McGee,15,Meditation,Relax & Sleep,15 min Sleep Meditation,2020-02-19 15:00 (BST),,,,,,,,,,
2020-05-25 22:11 (BST),On Demand,Aditi Shah,15,Meditation,Relax & Sleep,15 min Sleep Meditation,2019-11-27 14:37 (BST),,,,,,,,,,
2020-05-26 22:12 (BST),On Demand,Aditi Shah,15,Meditation,Relax & Sleep,15 min Calming Meditation,2019-08-12 16:50 (BST),,,,,,,,,,
2020-05-27 22:12 (BST),On Demand,Aditi Shah,15,Meditation,Relax & Sleep,15 min Sleep Meditation,2020-01-16 21:22 (BST),,,,,,,,,,
2020-05-28 22:12 (BST),On Demand,Kristin McGee,15,Meditation,Relax & Sleep,15 min Sleep Meditation,2020-01-03 15:55 (BST),,,,,,,,,,
2020-05-29 21:59 (BST),On Demand,Anna Greenberg,15,Meditation,Relax & Sleep,15 min Sleep Meditation,2019-10-15 14:25 (BST),,,,,,,,,,
2020-05-30 21:57 (BST),On Demand,Aditi Shah,20,Meditation,Relax & Sleep,20 min Sleep Meditation,2020-01-08 21:23 (BST),,,,,,,,,,
2020-05-31 11:45 (BST),On Demand,Chase Tucker,10,Stretching,Lower Body Stretch,10 min Glutes & Legs Stretch,2020-03-10 13:56 (BST),,,,,,,1,,,
2020-05-31 11:47 (BST),On Demand,Becs Gentry,10,Stretching,Lower Body Stretch,10 min Hips Stretch,2019-12-13 15:10 (BST),,,,,,,17,,,
2020-05-31 12:01 (BST),On Demand,Alex Toussaint,10,Stretching,Lower Body Stretch,10 min Lower Body Stretch,2017-07-20 16:00 (BST),,,,,,,16,,,
2020-05-31 12:25 (BST),On Demand,Adrian Williams,5,Stretching,Pre & Post-Run Stretch,5 min Pre-Run Warm Up,2020-05-19 15:00 (BST),,,,,,,22,,,
2020-05-31 21:55 (BST),On Demand,Aditi Shah,20,Meditation,Relax & Sleep,20 min Sleep Meditation,2019-07-11 20:53 (BST),,,,,,,,,,
2020-06-01 06:33 (BST),On Demand,Selena Samuela,10,Stretching,Full Body Stretch,10 min Full Body Stretch,2020-03-11 15:11 (BST),,,,,,,25,,,
2020-06-01 22:13 (BST),On Demand,Aditi Shah,20,Meditation,Relax & Sleep,20 min Sleep Meditation,2020-01-08 21:23 (BST),,,,,,,,,,
2020-06-02 22:34 (BST),On Demand,Anna Greenberg,15,Meditation,Relax & Sleep,15 min Sleep Meditation,2019-11-11 18:07 (BST),,,,,,,,,,
2020-06-03 22:05 (BST),On Demand,Anna Greenberg,20,Meditation,Relax & Sleep,20 min Relaxing Meditation,2020-02-27 23:31 (BST),,,,,,,,,,
2020-06-04 22:10 (BST),On Demand,Ross Rayburn,15,Meditation,Audio Only,15 min Sleep Meditation,2020-01-23 16:00 (BST),,,,,,,,,,
2020-06-05 22:17 (BST),On Demand,Aditi Shah,10,Meditation,Relax & Sleep,10 min Sleep Meditation,2020-04-30 00:00 (BST),,,,,,,,,,
2020-06-06 22:18 (BST),On Demand,Ross Rayburn,10,Meditation,Emotions,10 min Peace Meditation: From Home,2020-05-29 23:00 (BST),,,,,,,,,,
2020-06-07 22:17 (BST),On Demand,Aditi Shah,15,Meditation,Relax & Sleep,15 min Sleep Meditation,2019-10-29 14:08 (BST),,,,,,,,,,
2020-06-08 22:14 (BST),On Demand,Aditi Shah,20,Meditation,Relax & Sleep,20 min Sleep Meditation,2020-01-08 21:23 (BST),,,,,,,,,,
2020-06-09 22:16 (BST),On Demand,Aditi Shah,10,Meditation,Relax & Sleep,10 min Sleep Meditation,2020-02-19 14:50 (BST),,,,,,,,,,
2020-06-10 22:14 (BST),On Demand,Ross Rayburn,15,Meditation,Audio Only,15 min Sleep Meditation,2020-01-23 16:00 (BST),,,,,,,,,,
2020-06-11 22:15 (BST),On Demand,Kristin McGee,10,Meditation,Emotions,10 min Acceptance Meditation,2020-06-10 23:03 (BST),,,,,,,,,,
2020-06-14 21:55 (BST),On Demand,Aditi Shah,15,Meditation,Audio Only,15 min Sleep Meditation,2020-03-05 16:00 (BST),,,,,,,,,,
2020-06-15 11:58 (BST),On Demand,Becs Gentry,10,Stretching,Lower Body Stretch,10 min Hips Stretch,2019-12-13 15:10 (BST),,,,,,,18,,,
2020-06-15 22:50 (BST),On Demand,Chelsea Jackson Roberts,5,Meditation,Relax & Sleep,5 min Sleep Meditation,2020-06-12 15:00 (BST),,,,,,,,,,
2020-06-16 20:32 (BST),On Demand,Multiple Instructors,20,Cardio,Dance Cardio,20 min Dance Cardio,2020-03-05 19:00 (BST),,,,,,,10,,,
2020-06-16 22:17 (BST),On Demand,Ross Rayburn,15,Meditation,Relax & Sleep,15 min Sleep Meditation,2019-05-31 15:20 (BST),,,,,,,,,,
2020-06-17 22:13 (BST),On Demand,Aditi Shah,20,Meditation,Relax & Sleep,20 min Sleep Meditation,2020-01-08 21:23 (BST),,,,,,,,,,
2020-06-17 22:21 (BST),On Demand,Aditi Shah,15,Meditation,Relax & Sleep,15 min Sleep Meditation,2019-11-27 14:37 (BST),,,,,,,,,,
2020-06-20 22:21 (BST),On Demand,Aditi Shah,10,Meditation,Emotions,10 min Meditation for Healing,2020-06-18 19:41 (BST),,,,,,,,,,
2020-06-21 09:15 (BST),On Demand,Aditi Shah,10,Meditation,Mindfulness,10 min Family Meditation,2020-04-03 15:30 (BST),,,,,,,,,,
2020-06-21 22:07 (BST),On Demand,Aditi Shah,10,Meditation,Mindfulness,10 min Breathing Meditation,2019-08-23 14:01 (BST),,,,,,,,,,
2020-06-22 06:41 (BST),On Demand,Aditi Shah,10,Meditation,Zen in Ten,Zen in Ten: Live from Home,2020-04-29 17:24 (BST),,,,,,,,,,
2020-06-22 22:12 (BST),On Demand,Aditi Shah,10,Meditation,Emotions,10 min Peace Meditation,2020-05-05 13:50 (BST),,,,,,,,,,
2020-06-23 06:43 (BST),On Demand,Aditi Shah,10,Meditation,Zen in Ten,Zen in Ten: Live from Home,2020-04-27 17:22 (BST),,,,,,,,,,
2020-06-23 22:11 (BST),On Demand,Aditi Shah,10,Meditation,Mindfulness,10 min Breathing Meditation,2019-09-24 15:00 (BST),,,,,,,,,,
2020-06-24 22:17 (BST),On Demand,Aditi Shah,20,Meditation,Relax & Sleep,20 min Sleep Meditation,2020-06-24 19:23 (BST),,,,,,,,,,
2020-06-28 21:59 (BST),On Demand,Aditi Shah,15,Meditation,Audio Only,15 min Sleep Meditation,2020-03-05 16:00 (BST),,,,,,,,,,
2020-06-29 21:58 (BST),On Demand,Ross Rayburn,10,Meditation,Relax & Sleep,10 min Sleep Meditation: From Home,2020-05-19 20:08 (BST),,,,,,,,,,
2020-07-02 22:10 (BST),On Demand,Ross Rayburn,10,Meditation,Relax & Sleep,10 min Sleep Meditation,2020-07-01 21:32 (BST),,,,,,,,,,
2020-07-03 22:01 (BST),On Demand,Ross Rayburn,10,Meditation,Relax & Sleep,10 min Sleep Meditation,2020-07-01 21:32 (BST),,,,,,,,,,
2020-07-05 22:12 (BST),On Demand,Aditi Shah,15,Meditation,Mindfulness,15 min Body Scan Meditation,2019-04-25 21:35 (BST),,,,,,,,,,
2020-07-06 07:02 (BST),On Demand,Rebecca Kennedy,10,Stretching,Lower Body Stretch,10 min Lower Body Stretch,2020-06-15 22:34 (BST),,,,,,,25,,,
2020-07-06 22:22 (BST),On Demand,Aditi Shah,10,Meditation,Mindfulness,10 min Body Scan Meditation,2019-10-16 21:34 (BST),,,,,,,,,,
2020-07-07 07:00 (BST),On Demand,Becs Gentry,10,Stretching,Lower Body Stretch,10 min Hips Stretch,2019-12-13 15:10 (BST),,,,,,,18,,,
2020-07-07 22:12 (BST),On Demand,Aditi Shah,10,Meditation,Audio Only,10 min Sleep Meditation,2020-07-07 22:00 (BST),,,,,,,,,,
2020-07-08 22:10 (BST),On Demand,Aditi Shah,10,Meditation,Mindfulness,10 min Body Scan Meditation,2019-10-16 21:34 (BST),,,,,,,,,,
2020-07-12 22:12 (BST),On Demand,Aditi Shah,15,Meditation,Mindfulness,15 min Body Scan Meditation,2019-02-12 14:39 (BST),,,,,,,,,,
2020-07-13 22:16 (BST),On Demand,Aditi Shah,10,Meditation,Relax & Sleep,10 min Relaxing Meditation,2020-07-13 13:35 (BST),,,,,,,,,,
2020-07-14 06:57 (BST),On Demand,Aditi Shah,10,Meditation,Mindfulness,10 min Breathing Meditation,2020-07-08 21:30 (BST),,,,,,,,,,
2020-07-14 07:09 (BST),On Demand,Ross Rayburn,5,Yoga,Yoga Basics,5 min Basics: High Lunge,2020-02-18 21:18 (BST),,,,,,,15,,,
2020-07-14 07:15 (BST),On Demand,Aditi Shah,5,Yoga,Yoga Basics,5 min Basics: Yogi Squat,2019-07-11 21:21 (BST),,,,,,,15,,,
2020-07-17 22:51 (BST),On Demand,Aditi Shah,10,Meditation,Mindfulness,10 min Breathing Meditation,2020-07-17 14:34 (BST),,,,,,,,,,
2020-07-25 22:30 (BST),On Demand,Aditi Shah,15,Meditation,Mindfulness,15 min Body Scan Meditation,2019-04-25 21:35 (BST),,,,,,,,,,
2020-07-26 21:46 (BST),On Demand,Aditi Shah,15,Meditation,Mindfulness,15 min Body Scan Meditation,2019-02-12 14:39 (BST),,,,,,,,,,
2020-07-27 07:56 (BST),On Demand,Aditi Shah,10,Meditation,Zen in Ten,Zen in Ten: Live from Home,2020-04-24 17:24 (BST),,,,,,,,,,
2020-07-27 22:05 (BST),On Demand,Aditi Shah,10,Meditation,Mindfulness,10 min Breathing Meditation,2020-07-17 14:34 (BST),,,,,,,,,,
2020-07-28 06:00 (BST),On Demand,Becs Gentry,10,Stretching,Lower Body Stretch,10 min Hips Stretch,2019-12-13 15:10 (BST),,,,,,,18,,,
2020-07-28 22:03 (BST),On Demand,Ross Rayburn,10,Meditation,Mindfulness,10 min Body Scan Meditation,2020-07-10 14:34 (BST),,,,,,,,,,
2020-07-29 22:27 (BST),On Demand,Ross Rayburn,5,Meditation,Audio Only,5 min Sleep Meditation,2020-04-14 16:00 (BST),,,,,,,,,,
2020-07-30 06:29 (BST),On Demand,Selena Samuela,10,Stretching,Upper Body Stretch,10 min Chest & Back Stretch,2020-01-22 21:33 (BST),,,,,,,25,,,
2020-08-02 22:14 (BST),On Demand,Chelsea Jackson Roberts,10,Meditation,Mindfulness,10 min Body Scan Meditation,2020-07-24 14:34 (BST),,,,,,,,,,
2020-08-06 16:50 (BST),On Demand,Becs Gentry,10,Stretching,Lower Body Stretch,10 min Hips Stretch,2019-12-13 15:10 (BST),,,,,,,18,,,
2020-08-06 16:59 (BST),On Demand,Jess Sims,5,Stretching,Lower Body Stretch,5 min Glutes & Legs Stretch,2019-07-11 19:11 (BST),,,,,,,12,,,
2020-08-16 22:10 (BST),On Demand,Aditi Shah,10,Meditation,Mindfulness,10 min Pelothon 2020 Meditation,2020-08-04 15:34 (BST),,,,,,,,,,
2020-08-17 08:54 (BST),On Demand,Aditi Shah,10,Meditation,Emotions,10 min Courage Meditation,2020-08-05 23:35 (BST),,,,,,,,,,
2020-08-17 22:11 (BST),On Demand,Aditi Shah,10,Meditation,Meditation Basics,10 min Basics: Breath,2020-08-13 15:00 (BST),,,,,,,,,,
2020-08-20 06:54 (BST),On Demand,Ross Rayburn,10,Meditation,Emotions,10 min Peace Meditation,2020-08-13 23:36 (BST),,,,,,,,,,
2020-08-28 22:20 (BST),On Demand,Aditi Shah,10,Meditation,Mindfulness,10 min Breathing Meditation,2020-08-25 13:36 (BST),,,,,,,,,,
2020-08-29 22:09 (BST),On Demand,Aditi Shah,10,Meditation,Meditation Basics,10 min Basics: Emotional Balance,2020-08-27 15:00 (BST),,,,,,,,,,
2020-08-30 22:26 (BST),On Demand,Aditi Shah,10,Meditation,Mindfulness,10 min Body Scan Meditation,2020-08-21 14:35 (BST),,,,,,,,,,
2020-08-31 22:07 (BST),On Demand,Ross Rayburn,15,Meditation,Mindfulness,15 min Breathing Meditation,2020-08-10 16:36 (BST),,,,,,,,,,
2020-09-01 12:55 (BST),On Demand,Ross Rayburn,10,Meditation,Emotions,10 min Gratitude Meditation,2020-08-19 13:35 (BST),,,,,,,,,,
2020-09-01 22:01 (BST),On Demand,Chelsea Jackson Roberts,10,Meditation,Relax & Sleep,10 min Sleep Meditation,2020-08-27 15:00 (BST),,,,,,,,,,
2020-09-02 14:40 (BST),On Demand,Ross Rayburn,5,Meditation,Emotions,5 min Patience Meditation,2020-08-26 15:00 (BST),,,,,,,,,,
2020-10-04 21:16 (BST),On Demand,Denis Morton,20,Yoga,Restorative,20 min Restorative,2020-09-30 23:26 (BST),,,,,,,40,,,
2020-10-04 22:14 (BST),On Demand,Aditi Shah,10,Meditation,Mindfulness,10 min Seasonal Meditation,2020-09-25 16:10 (BST),,,,,,,,,,
2020-10-05 21:32 (BST),On Demand,Aditi Shah,20,Yoga,Restorative,20 min Restorative,2020-09-08 13:25 (BST),,,,,,,40,,,
2020-10-05 22:05 (BST),On Demand,Aditi Shah,10,Meditation,Mindfulness,10 min Breathing Meditation,2020-09-09 21:30 (BST),,,,,,,,,,
2020-10-06 22:05 (BST),On Demand,Cody Rigsby,10,Meditation,Mindfulness,10 min Body Scan Meditation,2020-10-06 15:05 (BST),,,,,,,,,,
2020-10-07 22:07 (BST),On Demand,Aditi Shah,10,Meditation,Mindfulness,10 min Body Scan Meditation,2020-10-06 13:37 (BST),,,,,,,,,,
2020-10-08 22:09 (BST),On Demand,Aditi Shah,15,Meditation,Relax & Sleep,15 min Sleep Meditation,2020-09-11 15:00 (BST),,,,,,,,,,
2020-10-11 22:07 (BST),On Demand,Aditi Shah,10,Meditation,Relax & Sleep,10 min Calming Meditation,2020-10-09 15:00 (BST),,,,,,,,,,
2020-10-12 22:06 (BST),On Demand,Ross Rayburn,10,Meditation,Mindfulness,10 min Body Scan Meditation,2020-09-12 14:34 (BST),,,,,,,,,,
2020-10-13 22:39 (BST),On Demand,Aditi Shah,10,Meditation,Audio Only,10 min Sleep Meditation,2020-10-13 16:00 (BST),,,,,,,,,,
2020-10-18 22:16 (BST),On Demand,Aditi Shah,10,Meditation,Mindfulness,10 min Witness Meditation,2020-10-15 23:35 (BST),,,,,,,,,,
2020-10-19 22:07 (BST),On Demand,Ross Rayburn,15,Meditation,Relax & Sleep,15 min Sleep Meditation,2020-10-19 15:00 (BST),,,,,,,,,,
2020-10-20 22:07 (BST),On Demand,Aditi Shah,10,Meditation,Mindfulness,10 min Body Scan Meditation,2020-10-06 13:37 (BST),,,,,,,,,,
2020-10-21 22:09 (BST),On Demand,Aditi Shah,10,Meditation,Emotions,10 min Meditation for Healing,2020-10-21 15:37 (BST),,,,,,,,,,
2020-10-22 22:45 (BST),On Demand,Kristin McGee,10,Meditation,Emotions,10 min Kindness Meditation,2020-10-22 15:00 (BST),,,,,,,,,,
2020-10-25 22:09 (BST),On Demand,Aditi Shah,15,Meditation,Mindfulness,15 min Body Scan Meditation,2019-04-25 21:35 (BST),,,,,,,,,,
2020-10-26 22:15 (BST),On Demand,Kristin McGee,10,Meditation,Relax & Sleep,10 min Sleep Meditation,2020-10-08 15:00 (BST),,,,,,,,,,
2020-10-30 22:12 (BST),On Demand,Kristin McGee,10,Meditation,Mindfulness,10 min Breathing Meditation,2020-10-24 14:24 (BST),,,,,,,,,,
2020-10-31 22:10 (BST),On Demand,Ross Rayburn,10,Meditation,Emotions,10 min Acceptance Meditation,2020-10-31 13:38 (BST),,,,,,,,,,
2020-11-01 22:16 (BST),On Demand,Kristin McGee,10,Meditation,Emotions,10 min Empathy Meditation,2020-11-01 14:40 (BST),,,,,,,,,,
2020-11-02 22:16 (BST),On Demand,Ross Rayburn,10,Meditation,Relax & Sleep,10 min Sleep Meditation,2020-09-09 15:00 (BST),,,,,,,,,,
2020-11-03 22:21 (BST),On Demand,Aditi Shah,10,Meditation,Audio Only,10 min Sleep Meditation,2020-10-13 16:00 (BST),,,,,,,,,,
2020-11-04 22:13 (BST),On Demand,Aditi Shah,10,Meditation,Emotions,10 min Happiness Meditation,2020-11-04 15:34 (BST),,,,,,,,,,
2020-11-05 21:56 (BST),On Demand,Ross Rayburn,15,Meditation,Mindfulness,15 min Breathing Meditation,2020-08-10 16:36 (BST),,,,,,,,,,
2020-11-07 22:09 (BST),On Demand,Ross Rayburn,10,Meditation,Relax & Sleep,10 min Calming Meditation,2020-11-07 14:37 (BST),,,,,,,,,,
2020-11-08 22:13 (BST),On Demand,Aditi Shah,10,Meditation,Emotions,10 min Kindness Meditation,2020-11-05 23:45 (BST),,,,,,,,,,
2020-11-09 22:25 (BST),On Demand,Ross Rayburn,5,Meditation,Relax & Sleep,5 min Sleep Meditation,2020-11-09 15:00 (BST),,,,,,,,,,
2020-11-14 22:35 (BST),On Demand,Ross Rayburn,10,Meditation,Mindfulness,10 min Breathing Meditation,2020-11-13 14:36 (BST),,,,,,,,,,
2020-11-15 22:02 (BST),On Demand,Aditi Shah,15,Meditation,Mindfulness,15 min Body Scan Meditation,2019-04-25 21:35 (BST),,,,,,,,,,
2020-11-16 21:44 (BST),On Demand,Anna Greenberg,10,Meditation,Audio Only,10 min Sleep Meditation,2020-11-10 16:00 (BST),,,,,,,,,,
2020-11-17 22:26 (BST),On Demand,Aditi Shah,5,Meditation,Mindfulness,5 min Breathing Meditation,2020-11-16 15:00 (BST),,,,,,,,,,
2020-11-18 06:53 (BST),On Demand,Selena Samuela,10,Stretching,Lower Body Stretch,10 min Lower Body Stretch,2020-09-16 15:00 (BST),,,,,,,25,,,
2020-11-19 22:18 (BST),On Demand,Chelsea Jackson Roberts,10,Meditation,Mindfulness,10 min Beyonce Meditation,2020-11-12 00:00 (BST),,,,,,,,,,
2020-11-19 22:24 (BST),On Demand,Anna Greenberg,10,Meditation,Relax & Sleep,10 min Calming Meditation,2020-11-18 15:00 (BST),,,,,,,,,,
2020-11-22 22:08 (BST),On Demand,Kristin McGee,15,Meditation,Relax & Sleep,15 min Sleep Meditation,2020-10-29 14:00 (BST),,,,,,,,,,
2020-11-22 22:09 (BST),On Demand,Aditi Shah,15,Meditation,Relax & Sleep,15 min Sleep Meditation,2020-09-11 15:00 (BST),,,,,,,,,,
2020-11-23 21:49 (BST),On Demand,Ross Rayburn,10,Meditation,Mindfulness,10 min Breathing Meditation,2020-11-13 14:36 (BST),,,,,,,,,,
2020-11-24 21:52 (BST),On Demand,Aditi Shah,20,Meditation,Emotions,20 min Sleep Meditation,2020-11-23 15:00 (BST),,,,,,,,,,
2020-11-25 21:45 (BST),On Demand,Kristin McGee,10,Meditation,Zen in Ten,Zen in Ten,2020-11-24 23:35 (BST),,,,,,,,,,
2020-11-28 21:49 (BST),On Demand,Aditi Shah,10,Meditation,Emotions,10 min Gratitude Meditation,2020-11-26 18:08 (BST),,,,,,,,,,
2020-11-29 22:09 (BST),On Demand,Kristin McGee,15,Meditation,Relax & Sleep,15 min Sleep Meditation,2020-10-29 14:00 (BST),,,,,,,,,,
2020-11-30 22:04 (BST),On Demand,Ross Rayburn,10,Meditation,Emotions,10 min Gratitude Meditation,2020-11-25 17:19 (BST),,,,,,,,,,
2020-12-01 22:09 (BST),On Demand,Anna Greenberg,10,Meditation,Relax & Sleep,10 min Calming Meditation,2020-11-18 15:00 (BST),,,,,,,,,,
2020-12-02 21:58 (BST),On Demand,Anna Greenberg,10,Meditation,Emotions,10 min Acceptance Meditation,2020-12-01 23:35 (BST),,,,,,,,,,
2020-12-03 22:05 (BST),On Demand,Aditi Shah,10,Meditation,Emotions,10 min Kindness Meditation,2020-11-19 23:35 (BST),,,,,,,,,,
2020-12-06 22:01 (BST),On Demand,Anna Greenberg,10,Meditation,Emotions,10 min Acceptance Meditation,2020-12-01 23:35 (BST),,,,,,,,,,
2020-12-07 06:38 (BST),On Demand,Ally Love,30,Cycling,Intervals,30 min Tabata Ride,2020-09-28 22:00 (BST),,,,,,,166,,,
2020-12-07 21:26 (BST),On Demand,Kristin McGee,10,Meditation,Emotions,10 min Family Meditation,2020-12-07 13:28 (BST),,,,,,,,,,
2020-12-08 06:40 (BST),On Demand,Ben Alldis,30,Cycling,Intervals,30 min HIIT Ride,2020-12-07 07:25 (BST),,,,,,,163,,,
2020-12-08 21:44 (BST),On Demand,Aditi Shah,10,Meditation,Mindfulness,10 min Breathing Meditation,2020-12-08 13:37 (BST),,,,,,,,,,
2020-12-09 06:51 (BST),On Demand,Leanne Hainsby,30,Cycling,Intervals,30 min Tabata Ride,2020-09-19 15:00 (BST),,,,,,,171,,,
2020-12-09 22:15 (BST),On Demand,Aditi Shah,10,Meditation,Mindfulness,10 min Breathing Meditation,2020-12-08 13:37 (BST),,,,,,,,,,
2020-12-10 07:02 (BST),On Demand,Sam Yo,30,Cycling,Intervals,30 min HIIT Ride,2020-11-25 07:25 (BST),,,,,,,164,,,
2020-12-10 21:53 (BST),On Demand,Anna Greenberg,10,Meditation,Zen in Ten,Zen in Ten,2020-12-08 23:36 (BST),,,,,,,,,,
2020-12-11 06:40 (BST),On Demand,Sam Yo,30,Cycling,Intervals,30 min HIIT & Hills Ride,2020-11-09 17:20 (BST),,,,,,,160,,,
2020-12-11 22:14 (BST),On Demand,Ross Rayburn,10,Meditation,Mindfulness,10 min Seasonal Meditation,2020-12-11 14:38 (BST),,,,,,,,,,
2020-12-13 21:33 (BST),On Demand,Ross Rayburn,10,Meditation,Mindfulness,10 min Seasonal Meditation,2020-12-11 14:38 (BST),,,,,,,,,,
2020-12-14 06:11 (BST),On Demand,Sam Yo,30,Cycling,Intervals,30 min Intervals Ride,2020-12-09 07:25 (BST),,,,,,,2,,,
2020-12-14 21:37 (BST),On Demand,Chelsea Jackson Roberts,10,Meditation,Audio Only,10 min Deep Relaxation Meditation,2020-12-14 16:00 (BST),,,,,,,,,,
2020-12-15 21:38 (BST),On Demand,Kristin McGee,10,Meditation,Relax & Sleep,10 min Relaxing Meditation,2020-11-15 14:45 (BST),,,,,,,,,,
2020-12-16 21:55 (BST),On Demand,Anna Greenberg,10,Meditation,Relax & Sleep,10 min Relaxing Meditation,2020-12-15 23:36 (BST),,,,,,,,,,
2020-12-17 06:44 (BST),On Demand,Sam Yo,30,Cycling,Intervals,30 min HIIT & Hills Ride,2020-08-06 17:20 (BST),,,,,,,159,,,
2020-12-17 21:28 (BST),On Demand,Aditi Shah,10,Meditation,Mindfulness,10 min Seasonal Meditation,2020-12-17 15:00 (BST),,,,,,,,,,
2020-12-18 22:00 (BST),On Demand,Ross Rayburn,10,Meditation,Relax & Sleep,10 min Calming Meditation,2020-12-18 14:38 (BST),,,,,,,,,,
2020-12-19 21:54 (BST),On Demand,Aditi Shah,10,Meditation,Mindfulness,10 min Breathing Meditation,2020-12-08 13:37 (BST),,,,,,,,,,
2020-12-20 21:37 (BST),On Demand,Kristin McGee,10,Meditation,Emotions,10 min Happiness Meditation,2020-12-20 14:38 (BST),,,,,,,,,,
2020-12-21 06:41 (BST),On Demand,Sam Yo,30,Cycling,Intervals,30 min HIIT & Hills Ride,2020-12-19 16:00 (BST),,,,,,,2,,,
2020-12-21 06:44 (BST),On Demand,Sam Yo,30,Cycling,Intervals,30 min HIIT Ride,2020-08-10 17:20 (BST),,,,,,,160,,,
2020-12-21 21:44 (BST),On Demand,Aditi Shah,10,Meditation,Relax & Sleep,10 min Sleep Meditation,2020-02-19 14:50 (BST),,,,,,,,,,
2020-12-22 21:22 (BST),On Demand,Christine D'Ercole,5,Cycling,Warm Up/Cool Down,5 min Warm Up Ride,2020-12-22 13:30 (BST),,,,,,,,,,
2020-12-22 21:34 (BST),On Demand,Aditi Shah,15,Meditation,Relax & Sleep,15 min Sleep Meditation,2020-01-16 21:22 (BST),,,,,,,,,,
2020-12-23 11:19 (BST),On Demand,Sam Yo,30,Cycling,Intervals,30 min HIIT Ride,2020-12-21 07:25 (BST),275,153,44%,80,18.37,9.18,396,,,
2020-12-24 07:14 (BST),On Demand,Sam Yo,30,Cycling,Intervals,30 min HIIT & Hills Ride,2020-12-19 16:00 (BST),244,135,51%,65,17.26,8.62,350,,,
2020-12-24 22:03 (BST),On Demand,Aditi Shah,10,Meditation,Mindfulness,10 min Seasonal Meditation,2020-12-17 15:00 (BST),,,,,,,,,,
2020-12-26 21:54 (BST),On Demand,Ross Rayburn,10,Meditation,Mindfulness,10 min Breathing Meditation,2020-11-13 14:36 (BST),,,,,,,,,,
2020-12-27 11:34 (BST),On Demand,Sam Yo,30,Cycling,Intervals,30 min Intervals Ride,2020-12-24 09:00 (BST),291,162,53%,67,18.95,9.47,418,,,
2020-12-27 22:10 (BST),On Demand,Anna Greenberg,10,Meditation,Relax & Sleep,10 min Sleep Meditation,2020-12-27 14:00 (BST),,,,,,,,,,
2020-12-28 21:43 (BST),On Demand,Ross Rayburn,10,Meditation,Audio Only,10 min Sleep Meditation,2020-12-28 15:00 (BST),,,,,,,,,,
2020-12-29 13:22 (BST),On Demand,Olivia Amato,10,Cycling,Power Zone,10 min FTP Warm Up Ride,2020-01-18 19:00 (BST),77,128,42%,82,17.59,2.93,110,,,
2020-12-29 13:34 (BST),On Demand,Matt Wilpers,20,Cycling,Power Zone,20 min FTP Test Ride,2020-01-30 14:00 (BST),212,177,49%,78,20.32,6.77,304,,,
2020-12-29 22:07 (BST),On Demand,Aditi Shah,10,Meditation,Zen in Ten,Zen in Ten: Gratitude,2020-12-28 23:37 (BST),,,,,,,,,,
2020-12-30 21:54 (BST),On Demand,Anna Greenberg,10,Meditation,Emotions,10 min Kindness Meditation,2020-12-29 23:45 (BST),,,,,,,,,,
2020-12-31 23:02 (BST),On Demand,Aditi Shah,10,Meditation,Mindfulness,10 min Breathing Meditation,2020-12-08 13:37 (BST),,,,,,,,,,
2021-01-01 10:25 (BST),On Demand,Kristin McGee,10,Meditation,Mindfulness,10 min Meditation for Healing,2020-12-14 13:38 (BST),,,,,,,,,,
2021-01-01 10:37 (BST),On Demand,Adrian Williams,10,Stretching,Full Body Stretch,10 min Full Body Stretch,2020-11-21 15:00 (BST),,,,,,,33,,,
2021-01-01 12:23 (BST),On Demand,Ben Alldis,45,Cycling,Intervals,45 min HIIT & Hills Ride,2020-12-28 07:25 (BST),437,162,48%,77,19.08,14.30,628,,,
2021-01-01 21:59 (BST),On Demand,Anna Greenberg,10,Meditation,Relax & Sleep,10 min Sleep Meditation,2020-12-27 14:00 (BST),,,,,,,,,,
2021-01-02 22:12 (BST),On Demand,Ross Rayburn,10,Meditation,Relax & Sleep,10 min Relaxing Meditation,2019-03-29 13:01 (BST),,,,,,,,,,
2021-01-03 22:00 (BST),On Demand,Ross Rayburn,15,Meditation,Relax & Sleep,15 min Sleep Meditation,2021-01-03 14:00 (BST),,,,,,,,,,
2021-01-04 06:32 (BST),On Demand,Sam Yo,45,Cycling,Intervals,45 min HIIT & Hills Ride,2020-12-10 17:24 (BST),398,148,47%,73,18.16,13.62,573,,,
2021-01-04 17:10 (BST),On Demand,Aditi Shah,10,Meditation,Emotions,10 min Gratitude Meditation,2020-11-26 18:08 (BST),,,,,,,,,,
2021-01-04 22:13 (BST),On Demand,Aditi Shah,10,Meditation,Zen in Ten,Zen in Ten: Gratitude,2020-12-28 23:37 (BST),,,,,,,,,,
2021-01-05 06:31 (BST),On Demand,Olivia Amato,45,Cycling,Power Zone,45 min Power Zone Ride,2020-10-30 15:25 (BST),356,132,41%,86,17.83,13.36,511,,,
2021-01-05 22:09 (BST),On Demand,Anna Greenberg,5,Meditation,Audio Only,5 min Calming Meditation,2021-01-05 16:00 (BST),,,,,,,,,,
2021-01-06 22:10 (BST),On Demand,Aditi Shah,10,Meditation,Mindfulness,10 min Breathing Meditation,2020-02-04 15:49 (BST),,,,,,,,,,
2021-01-07 06:46 (BST),On Demand,Olivia Amato,45,Cycling,Intervals,45 min Tabata Ride,2020-11-23 10:53 (BST),397,147,45%,77,17.77,13.32,571,,,
2021-01-07 22:06 (BST),On Demand,Anna Greenberg,10,Meditation,Relax & Sleep,10 min Calming Meditation,2021-01-06 23:39 (BST),,,,,,,,,,
2021-01-08 06:25 (BST),On Demand,Olivia Amato,45,Cycling,Power Zone,45 min Power Zone Ride,2020-12-07 10:51 (BST),348,129,40%,86,17.64,13.22,501,,,
2021-01-08 22:29 (BST),On Demand,Anna Greenberg,10,Meditation,Relax & Sleep,10 min Sleep Meditation,2020-12-27 14:00 (BST),,,,,,,,,,
2021-01-09 22:11 (BST),On Demand,Ross Rayburn,10,Meditation,Relax & Sleep,10 min Calming Meditation,2020-12-18 14:38 (BST),,,,,,,,,,
2021-01-10 22:12 (BST),On Demand,Kristin McGee,10,Meditation,Emotions,10 min Courage Meditation,2021-01-10 14:37 (BST),,,,,,,,,,
2021-01-11 06:19 (BST),On Demand,Olivia Amato,45,Cycling,Intervals,45 min HIIT & Hills Ride,2019-11-24 13:48 (BST),409,152,47%,75,18.52,13.88,589,,,
2021-01-11 22:06 (BST),On Demand,Kristin McGee,10,Meditation,Emotions,10 min Happiness Meditation,2021-01-11 13:38 (BST),,,,,,,,,,
2021-01-12 06:27 (BST),On Demand,Olivia Amato,45,Cycling,Power Zone,45 min Power Zone Endurance Ride,2020-07-30 22:49 (BST),321,119,41%,81,17.20,12.89,462,,,
2021-01-12 22:07 (BST),On Demand,Cody Rigsby,10,Meditation,Relax & Sleep,10 min Calming Meditation,2021-01-12 15:00 (BST),,,,,,,,,,
2021-01-13 22:00 (BST),On Demand,Aditi Shah,10,Meditation,Relax & Sleep,10 min Sleep Meditation,2020-04-30 00:00 (BST),,,,,,,,,,
2021-01-14 06:33 (BST),On Demand,Leanne Hainsby,45,Cycling,Intervals,45 min Tabata Ride,2020-03-03 12:15 (BST),372,138,42%,82,17.84,13.38,535,,,
2021-01-14 22:21 (BST),On Demand,Ross Rayburn,10,Meditation,Relax & Sleep,10 min Sleep Meditation,2020-09-09 15:00 (BST),,,,,,,,,,
2021-01-18 22:15 (BST),On Demand,Anna Greenberg,10,Meditation,Emotions,10 min Peace Meditation,2021-01-18 15:35 (BST),,,,,,,,,,
2021-01-19 06:26 (BST),On Demand,Olivia Amato,45,Cycling,Intervals,45 min HIIT & Hills Ride,2020-02-05 10:49 (BST),392,145,47%,73,18.03,13.52,564,,,
2021-01-20 06:55 (BST),On Demand,Sam Yo,30,Cycling,Intervals,30 min HIIT Ride,2021-01-04 19:30 (BST),252,140,43%,80,17.89,8.94,362,,,
2021-01-21 22:21 (BST),On Demand,Aditi Shah,10,Meditation,Zen in Ten,Zen in Ten,2021-01-20 15:38 (BST),,,,,,,,,,
2021-01-22 06:48 (BST),On Demand,Olivia Amato,45,Cycling,Power Zone,45 min Power Zone Ride,2020-10-30 15:25 (BST),359,133,40%,86,17.76,13.32,517,,,
2021-01-23 22:11 (BST),On Demand,Aditi Shah,10,Meditation,Emotions,10 min Calming Meditation,2021-01-21 23:37 (BST),,,,,,,,,,
2021-01-24 22:02 (BST),On Demand,Kristin McGee,10,Meditation,Emotions,10 min Empathy Meditation,2021-01-24 14:36 (BST),,,,,,,,,,
2021-01-25 06:40 (BST),On Demand,Leanne Hainsby,45,Cycling,Intervals,45 min HIIT & Hills Ride,2020-09-09 18:20 (BST),443,164,49%,76,19.36,14.51,638,,,
2021-01-25 22:09 (BST),On Demand,Ross Rayburn,10,Meditation,Emotions,10 min Happiness Meditation,2021-01-23 14:38 (BST),,,,,,,,,,
2021-01-26 06:36 (BST),On Demand,Olivia Amato,45,Cycling,Power Zone,45 min Power Zone Ride,2020-12-07 10:51 (BST),358,133,39%,90,17.84,13.37,516,,,
2021-01-28 06:31 (BST),On Demand,Olivia Amato,45,Cycling,Power Zone,45 min Power Zone Endurance Ride,2021-01-22 16:23 (BST),332,123,37%,93,17.48,13.10,478,,,
2021-01-29 06:50 (BST),On Demand,Olivia Amato,45,Cycling,Intervals,45 min HIIT & Hills Ride,2021-01-25 10:51 (BST),455,169,51%,72,19.32,14.48,654,,,
2021-01-30 22:14 (BST),On Demand,Aditi Shah,10,Meditation,Mindfulness,10 min Riopy Meditation,2021-01-28 23:37 (BST),,,,,,,,,,
2021-01-31 21:51 (BST),On Demand,Ross Rayburn,10,Meditation,Mindfulness,10 min Breathing Meditation,2021-01-28 13:00 (BST),,,,,,,,,,
2021-02-01 06:32 (BST),On Demand,Olivia Amato,45,Cycling,Intervals,45 min HIIT & Hills Ride,2020-02-19 10:47 (BST),418,155,48%,74,18.65,13.98,602,,,
2021-02-01 22:21 (BST),On Demand,Aditi Shah,10,Meditation,Emotions,10 min Courage Meditation,2021-01-26 13:37 (BST),,,,,,,,,,
2021-02-02 06:31 (BST),On Demand,Olivia Amato,45,Cycling,Power Zone,45 min Power Zone Ride,2020-03-04 11:00 (BST),364,135,41%,86,18.01,13.50,524,,,
2021-02-02 22:12 (BST),On Demand,Aditi Shah,10,Meditation,Audio Only,10 min Empathy Meditation,2021-02-02 16:00 (BST),,,,,,,,,,
2021-02-03 22:16 (BST),On Demand,Anna Greenberg,10,Meditation,Emotions,10 min Kindness Meditation,2021-02-02 23:36 (BST),,,,,,,,,,
2021-02-04 06:28 (BST),On Demand,Matt Wilpers,45,Cycling,Power Zone,45 min Power Zone Endurance Ride,2019-05-23 10:47 (BST),342,127,41%,82,17.70,13.28,492,,,
2021-02-04 22:17 (BST),On Demand,Aditi Shah,10,Meditation,Mindfulness,10 min Riopy Meditation,2021-01-28 23:37 (BST),,,,,,,,,,
2021-02-05 06:33 (BST),On Demand,Ben Alldis,45,Cycling,Intervals,45 min HIIT & Hills Ride,2020-09-19 16:00 (BST),383,142,46%,77,18.18,13.63,551,,,
2021-02-07 21:52 (BST),On Demand,Ross Rayburn,10,Meditation,Emotions,10 min Meditation for Healing,2021-02-06 14:39 (BST),,,,,,,,,,
2021-02-08 06:19 (BST),On Demand,Leanne Hainsby,45,Cycling,Intervals,45 min HIIT & Hills Ride,2020-09-25 14:20 (BST),412,153,50%,71,18.47,13.85,593,,,
2021-02-08 22:01 (BST),On Demand,Kristin McGee,10,Meditation,Relax & Sleep,10 min Calming Meditation,2020-09-20 14:37 (BST),,,,,,,,,,
2021-02-09 06:31 (BST),On Demand,Matt Wilpers,45,Cycling,Power Zone,45 min Power Zone Ride,2021-02-03 10:52 (BST),354,131,42%,82,17.83,13.36,510,,,
2021-02-09 22:14 (BST),On Demand,Kristin McGee,10,Meditation,Emotions,10 min Gratitude Meditation,2020-12-13 14:39 (BST),,,,,,,,,,
2021-02-11 06:15 (BST),On Demand,Olivia Amato,45,Cycling,Power Zone,45 min Power Zone Endurance Ride,2020-07-30 22:49 (BST),345,128,41%,83,17.75,13.31,496,,,
2021-02-11 22:10 (BST),On Demand,Ross Rayburn,10,Meditation,Emotions,10 min Courage Meditation,2021-02-11 13:37 (BST),,,,,,,,,,
2021-02-12 06:23 (BST),On Demand,Olivia Amato,30,Cycling,Power Zone,30 min Power Zone Max Ride,2020-07-16 12:54 (BST),247,138,40%,82,17.20,8.59,356,,,
2021-02-13 22:09 (BST),On Demand,Aditi Shah,10,Meditation,Mindfulness,10 min Body Scan Meditation,2020-09-09 21:30 (BST),,,,,,,,,,
2021-02-14 07:39 (BST),On Demand,Matt Wilpers,15,Cycling,Power Zone,15 min FTP Warm Up Ride,2021-01-03 13:30 (BST),106,117,39%,86,16.96,4.24,152,,,
2021-02-14 07:57 (BST),On Demand,Matt Wilpers,20,Cycling,Power Zone,20 min FTP Test Ride,2021-01-03 13:45 (BST),227,189,46%,90,20.91,6.96,326,,,
2021-02-14 21:56 (BST),On Demand,Aditi Shah,10,Meditation,Mindfulness,10 min Breathing Meditation,2021-02-14 15:00 (BST),,,,,,,,,,
2021-02-15 06:29 (BST),On Demand,Olivia Amato,45,Cycling,Power Zone,45 min Power Zone Ride,2021-02-09 12:53 (BST),376,139,41%,86,18.22,13.66,541,,,
2021-02-17 06:46 (BST),On Demand,Olivia Amato,30,Cycling,Power Zone,30 min Power Zone Max Ride,2021-01-18 10:52 (BST),211,140,41%,84,17.90,7.51,304,,,
2021-02-19 06:40 (BST),On Demand,Olivia Amato,30,Cycling,Power Zone,30 min Power Zone Endurance Ride,2021-02-12 16:25 (BST),227,126,40%,86,17.55,8.77,325,,,
2021-02-21 22:14 (BST),On Demand,Aditi Shah,10,Meditation,Relax & Sleep,10 min Calming Meditation,2021-02-17 15:37 (BST),,,,,,,,,,
2021-02-22 06:22 (BST),On Demand,Matt Wilpers,60,Cycling,Power Zone,60 min Power Zone Ride,2020-12-12 12:53 (BST),536,149,43%,85,18.76,18.75,767,,,
2021-02-22 22:06 (BST),On Demand,Kristin McGee,10,Meditation,Audio Only,10 min Sleep Meditation,2021-02-16 16:00 (BST),,,,,,,,,,
2021-02-23 06:36 (BST),On Demand,Matt Wilpers,30,Cycling,Power Zone,30 min Power Zone Max Ride,2019-11-20 16:19 (BST),239,139,42%,80,17.30,8.44,343,,,
2021-02-23 07:06 (BST),,,1,Cycling,,1 min 55 sec Just Ride,,19,160,39%,86,17.72,0.57,27,,,
2021-02-23 22:07 (BST),On Demand,Kristin McGee,10,Meditation,Emotions,10 min Gratitude Meditation,2021-02-23 15:36 (BST),,,,,,,,,,
2021-02-24 22:08 (BST),On Demand,Aditi Shah,10,Meditation,Emotions,10 min Happiness Meditation,2021-02-14 15:00 (BST),,,,,,,,,,
2021-02-25 06:15 (BST),On Demand,Matt Wilpers,60,Cycling,Power Zone,60 min Power Zone Endurance Ride,2020-11-07 12:53 (BST),478,133,41%,85,18.05,18.04,685,,,
2021-02-25 22:13 (BST),On Demand,Ross Rayburn,10,Meditation,Emotions,10 min Empathy Meditation,2021-02-26 15:00 (BST),,,,,,,,,,
2021-02-26 06:20 (BST),On Demand,Olivia Amato,30,Cycling,Intervals,30 min HIIT & Hills Ride,2021-02-15 10:51 (BST),306,170,54%,66,18.97,9.48,438,,,
2021-02-27 22:42 (BST),On Demand,Aditi Shah,10,Meditation,Emotions,10 min Courage Meditation,2021-02-25 23:38 (BST),,,,,,,,,,
2021-02-28 21:51 (BST),On Demand,Ross Rayburn,10,Meditation,Mindfulness,10 min Witness Meditation,2021-02-23 15:00 (BST),,,,,,,,,,
2021-03-01 06:07 (BST),On Demand,Matt Wilpers,60,Cycling,Power Zone,60 min Power Zone Ride,2020-09-05 12:50 (BST),507,141,42%,84,18.35,18.35,726,,,
2021-03-01 22:07 (BST),On Demand,Kristin McGee,10,Meditation,Emotions,10 min Calming Meditation,2021-03-01 13:38 (BST),,,,,,,,,,
2021-03-02 05:57 (BST),On Demand,Olivia Amato,30,Cycling,Power Zone,30 min Power Zone Max Ride,2021-01-18 10:52 (BST),255,142,41%,84,17.80,8.89,366,,,
2021-03-02 21:59 (BST),On Demand,Aditi Shah,10,Meditation,Relax & Sleep,10 min Calming Meditation,2021-02-17 15:37 (BST),,,,,,,,,,
2021-03-03 21:54 (BST),On Demand,Anna Greenberg,10,Meditation,Emotions,10 min Gratitude Meditation,2021-03-03 15:37 (BST),,,,,,,,,,
2021-03-04 06:06 (BST),On Demand,Matt Wilpers,60,Cycling,Power Zone,60 min Power Zone Endurance Ride,2020-12-19 12:53 (BST),479,133,41%,85,18.11,18.11,687,,,
2021-03-04 21:49 (BST),On Demand,Aditi Shah,10,Meditation,Emotions,10 min Peace Meditation,2021-02-14 15:00 (BST),,,,,,,,,,
2021-03-05 06:05 (BST),On Demand,Ben Alldis,30,Cycling,Intervals,30 min HIIT & Hills Ride,2021-02-22 06:55 (BST),287,160,47%,78,19.12,9.56,412,,,
2021-03-06 22:16 (BST),On Demand,Aditi Shah,10,Meditation,Mindfulness,10 min Body Scan Meditation,2021-03-04 23:37 (BST),,,,,,,,,,
2021-03-07 22:13 (BST),On Demand,Kristin McGee,10,Meditation,Relax & Sleep,10 min Relaxing Meditation,2021-03-07 14:39 (BST),,,,,,,,,,
2021-03-08 12:12 (BST),On Demand,Olivia Amato,30,Cycling,Power Zone,30 min Power Zone Max Ride,2021-01-18 10:52 (BST),277,154,43%,86,18.78,9.38,397,,,
2021-03-08 21:50 (BST),On Demand,Kristin McGee,10,Meditation,Mindfulness,10 min WHM: Intention Meditation,2021-03-08 13:45 (BST),,,,,,,,,,
2021-03-09 05:19 (BST),On Demand,Matt Wilpers,60,Cycling,Power Zone,60 min Power Zone Ride,2020-10-17 12:53 (BST),512,151,44%,84,18.99,18.23,734,,,
2021-03-09 21:43 (BST),On Demand,Aditi Shah,10,Meditation,Relax & Sleep,10 min Sleep Meditation,2019-07-25 21:15 (BST),,,,,,,,,,
2021-03-10 21:54 (BST),On Demand,Kristin McGee,10,Meditation,Mindfulness,10 min Body Scan Meditation,2021-03-10 15:00 (BST),,,,,,,,,,
2021-03-11 06:21 (UTC),On Demand,Matt Wilpers,60,Cycling,Power Zone,60 min Power Zone Ride,2020-09-19 11:51 (UTC),5,71,32%,83,14.02,0.30,8,,,
2021-03-11 06:23 (UTC),On Demand,Matt Wilpers,60,Cycling,Power Zone,60 min Power Zone Endurance Ride,2021-02-27 12:53 (UTC),485,135,41%,87,18.20,18.20,695,,,
2021-03-11 22:23 (BST),On Demand,Anna Greenberg,10,Meditation,Relax & Sleep,10 min Sleep Meditation,2021-03-11 15:00 (BST),,,,,,,,,,
2021-03-12 06:16 (UTC),On Demand,Sam Yo,30,Cycling,Intervals,30 min HIIT & Hills Ride,2021-01-14 11:30 (UTC),279,155,46%,78,18.76,9.38,399,,,
2021-03-13 22:19 (BST),On Demand,Aditi Shah,10,Meditation,Zen in Ten,Zen in Ten,2021-03-12 15:00 (BST),,,,,,,,,,
2021-03-14 22:05 (BST),On Demand,Ross Rayburn,10,Meditation,Emotions,10 min Acceptance Meditation,2021-03-13 14:38 (BST),,,,,,,,,,
2021-03-15 06:26 (UTC),On Demand,Matt Wilpers,60,Cycling,Power Zone,60 min Power Zone Ride,2020-07-18 11:49 (UTC),520,145,42%,86,18.66,18.66,746,,,
2021-03-15 21:47 (BST),On Demand,Anna Greenberg,10,Meditation,Emotions,10 min Calming Meditation,2021-03-09 23:36 (BST),,,,,,,,,,
2021-03-16 06:27 (UTC),On Demand,Matt Wilpers,30,Cycling,Power Zone,30 min Power Zone Max Ride,2019-10-16 15:17 (UTC),273,152,43%,86,18.68,9.34,391,,,
2021-03-16 22:03 (BST),On Demand,Ross Rayburn,10,Meditation,Audio Only,10 min Sleep Meditation,2021-03-16 15:00 (BST),,,,,,,,,,
2021-03-17 22:08 (BST),On Demand,Anna Greenberg,10,Meditation,Mindfulness,10 min WHM: Intention Meditation,2021-03-15 14:37 (BST),,,,,,,,,,
2021-03-18 06:24 (UTC),On Demand,Matt Wilpers,60,Cycling,Power Zone,60 min Power Zone Endurance Ride,2021-01-30 12:52 (UTC),483,134,41%,87,18.18,18.18,691,,,
2021-03-18 21:58 (BST),On Demand,Aditi Shah,10,Meditation,Zen in Ten,Zen in Ten,2021-03-12 15:00 (BST),,,,,,,,,,
2021-03-19 06:28 (UTC),On Demand,Sam Yo,30,Cycling,Intervals,30 min HIIT & Hills Ride,2021-02-03 18:24 (UTC),285,158,48%,77,19.03,9.52,408,,,
2021-03-20 22:09 (BST),On Demand,Ross Rayburn,10,Meditation,Emotions,10 min Happiness Meditation,2021-03-20 13:37 (BST),,,,,,,,,,
2021-03-21 22:11 (BST),On Demand,Anna Greenberg,10,Meditation,Relax & Sleep,10 min Sleep Meditation,2021-03-11 15:00 (BST),,,,,,,,,,
2021-03-22 06:03 (UTC),On Demand,Matt Wilpers,60,Cycling,Power Zone,60 min Power Zone Ride,2020-12-12 12:53 (UTC),538,150,43%,85,18.81,18.82,772,,,
2021-03-22 22:09 (BST),On Demand,Anna Greenberg,10,Meditation,Emotions,10 min Meditation for Healing,2021-03-22 14:37 (BST),,,,,,,,,,
2021-03-23 06:54 (UTC),On Demand,Matt Wilpers,30,Cycling,Power Zone,30 min Power Zone Max Ride,2019-05-17 14:18 (UTC),253,141,40%,89,18.14,9.07,363,,,
2021-03-25 21:58 (BST),On Demand,Aditi Shah,10,Meditation,Relax & Sleep,10 min Relaxing Meditation,2021-03-23 12:36 (BST),,,,,,,,,,
2021-03-26 06:22 (UTC),On Demand,Matt Wilpers,60,Cycling,Power Zone,60 min Power Zone Endurance Ride,2020-08-08 11:51 (UTC),490,136,41%,88,18.26,18.25,702,,,
2021-03-28 08:25 (+01),On Demand,Olivia Amato,30,Cycling,Intervals,30 min HIIT & Hills Ride,2021-03-22 10:51 (+01),331,184,51%,77,20.09,10.04,474,,,
2021-03-28 22:19 (BST),On Demand,Kristin McGee,10,Meditation,Relax & Sleep,10 min Sleep Meditation,2021-03-24 14:00 (BST),,,,,,,,,,
2021-03-29 07:00 (+01),On Demand,Olivia Amato,30,Cycling,Power Zone,30 min Power Zone Endurance Ride,2021-02-05 17:24 (+01),242,134,41%,88,18.15,9.08,346,,,
2021-03-29 22:13 (BST),On Demand,Ross Rayburn,10,Meditation,Emotions,10 min Gratitude Meditation,2021-03-26 13:38 (BST),,,,,,,,,,
2021-03-31 06:33 (+01),On Demand,Olivia Amato,30,Cycling,Power Zone,30 min Power Zone Ride,2020-10-18 16:45 (+01),278,154,42%,89,18.95,9.47,398,,,
2021-04-02 10:01 (+01),On Demand,Olivia Amato,30,Cycling,Power Zone,30 min Power Zone Endurance Ride,2020-09-06 16:45 (+01),235,130,39%,90,17.89,8.94,336,,,
2021-04-04 04:17 (BST),On Demand,Aditi Shah,10,Meditation,Relax & Sleep,10 min Calming Meditation,2021-04-03 15:00 (BST),,,,,,,,,,
2021-04-04 10:14 (+01),On Demand,Leanne Hainsby,30,Cycling,Intervals,30 min HIIT & Hills Ride,2021-03-29 07:55 (+01),199,139,47%,74,18.17,7.21,285,,,
2021-04-07 08:27 (+01),On Demand,Olivia Amato,30,Cycling,Power Zone,30 min Power Zone Endurance Ride,2021-02-12 17:25 (+01),235,131,39%,90,17.95,8.98,337,,,
2021-04-08 21:54 (BST),On Demand,Aditi Shah,10,Meditation,Audio Only,10 min Sleep Meditation,2021-03-30 16:00 (BST),,,,,,,,,,
2021-04-09 06:23 (+01),On Demand,Matt Wilpers,60,Cycling,Power Zone,60 min Power Zone Endurance Ride,2021-04-03 12:21 (+01),505,140,41%,89,18.52,18.52,724,,,
2021-04-09 22:23 (BST),On Demand,Anna Greenberg,10,Meditation,Audio Only,10 min Peace Meditation,2021-03-30 16:00 (BST),,,,,,,,,,
2021-04-10 07:02 (+01),On Demand,Matt Wilpers,60,Cycling,Power Zone,60 min Power Zone Ride,2021-03-27 12:52 (+01),540,150,43%,86,18.81,18.80,774,,,
2021-04-10 21:50 (BST),On Demand,Aditi Shah,10,Meditation,Mindfulness,10 min WHM: Intention Meditation,2021-03-22 14:00 (BST),,,,,,,,,,
2021-04-11 22:10 (BST),On Demand,Aditi Shah,10,Meditation,Emotions,10 min Kindness Meditation,2021-04-11 15:00 (BST),,,,,,,,,,
2021-04-12 06:17 (+01),On Demand,Matt Wilpers,30,Cycling,Power Zone,30 min Power Zone Endurance Ride,2020-07-08 12:50 (+01),245,136,40%,90,18.23,9.12,352,,,
2021-04-12 22:08 (BST),On Demand,Ross Rayburn,10,Meditation,Relax & Sleep,10 min Relaxing Meditation,2021-03-22 14:00 (BST),,,,,,,,,,
2021-04-13 22:15 (BST),On Demand,Kristin McGee,10,Meditation,Mindfulness,10 min Family Meditation,2021-04-10 15:00 (BST),,,,,,,,,,
2021-04-14 19:23 (+01),On Demand,Matt Wilpers,30,Cycling,Power Zone,30 min WHM: Power Zone Endurance Ride,2021-03-04 22:53 (+01),241,134,39%,91,18.10,9.05,345,,,
2021-04-14 22:17 (BST),On Demand,Kristin McGee,10,Meditation,Emotions,10 min Courage Meditation,2021-04-14 15:00 (BST),,,,,,,,,,
2021-04-15 05:37 (+01),On Demand,Matt Wilpers,30,Cycling,Power Zone,30 min Power Zone Ride,2018-10-28 19:33 (+01),264,146,42%,84,18.19,9.09,378,,,
2021-04-15 22:01 (BST),On Demand,Aditi Shah,10,Meditation,Emotions,10 min Empathy Meditation,2021-02-14 15:00 (BST),,,,,,,,,,
2021-04-16 05:27 (+01),On Demand,Matt Wilpers,60,Cycling,Power Zone,60 min Power Zone Ride,2021-04-10 12:24 (+01),525,146,42%,86,18.71,18.71,753,,,
2021-04-18 22:13 (BST),On Demand,Aditi Shah,10,Meditation,Relax & Sleep,10 min Sleep Meditation,2020-07-31 15:56 (BST),,,,,,,,,,
2021-04-19 06:22 (+01),On Demand,Matt Wilpers,30,Cycling,Power Zone,30 min Power Zone Endurance Ride,2020-11-11 11:52 (+01),243,135,41%,87,18.15,9.08,348,,,
2021-04-21 07:45 (+01),On Demand,Olivia Amato,30,Cycling,Power Zone,30 min Power Zone Endurance Ride,2021-02-12 17:25 (+01),238,143,41%,88,18.63,8.94,341,,,
2021-04-23 07:15 (+01),On Demand,Sam Yo,20,Cycling,Intervals,20 min HIIT Ride,2021-04-13 07:25 (+01),178,148,43%,82,18.39,6.13,254,,,
2021-04-24 06:15 (+01),On Demand,Matt Wilpers,15,Cycling,Power Zone,15 min FTP Warm Up Ride,2020-01-30 14:00 (+01),105,116,37%,89,16.80,4.20,150,,,
2021-04-24 06:33 (+01),On Demand,Matt Wilpers,20,Cycling,Power Zone,20 min FTP Test Ride,2019-05-10 19:58 (+01),242,202,47%,90,21.45,7.15,347,,,
2021-04-26 07:11 (+01),On Demand,Olivia Amato,30,Cycling,Power Zone,30 min Power Zone Ride,2020-08-18 16:20 (+01),286,159,43%,87,19.16,9.58,410,,,
2021-04-28 22:20 (BST),On Demand,Aditi Shah,10,Meditation,Emotions,10 min Happiness Meditation,2021-04-21 16:08 (BST),,,,,,,,,,
2021-04-29 08:00 (+01),On Demand,Olivia Amato,30,Cycling,Power Zone,30 min Power Zone Max Ride,2020-07-16 12:54 (+01),283,157,43%,84,18.74,9.37,406,,,
2021-04-30 06:30 (+01),On Demand,Matt Wilpers,60,Cycling,Power Zone,60 min Power Zone Endurance Ride,2021-04-24 12:23 (+01),543,151,42%,89,19.04,19.05,778,,,
2021-05-01 08:32 (+01),On Demand,Ben Alldis,30,Cycling,Power Zone,30 min Power Zone Ride,2021-04-30 13:55 (+01),276,153,43%,88,18.96,9.48,396,,,
2021-05-01 22:25 (BST),On Demand,Anna Greenberg,10,Meditation,Emotions,10 min Peace Meditation,2021-05-01 18:36 (BST),,,,,,,,,,
2021-05-03 22:08 (BST),On Demand,Aditi Shah,10,Meditation,Mindfulness,10 min Breathing Meditation,2021-05-02 20:37 (BST),,,,,,,,,,
2021-05-04 08:36 (+01),On Demand,Matt Wilpers,60,Cycling,Power Zone,60 min Power Zone Ride,2021-05-01 12:53 (+01),547,152,43%,86,18.94,18.94,784,,,
2021-05-04 22:16 (BST),On Demand,Aditi Shah,10,Meditation,Mindfulness,10 min APIHM Meditation,2021-05-03 15:00 (BST),,,,,,,,,,
2021-05-05 22:00 (BST),On Demand,Kristin McGee,10,Meditation,Emotions,10 min Gratitude Meditation,2021-05-02 14:37 (BST),,,,,,,,,,
2021-05-06 21:53 (BST),On Demand,Anna Greenberg,10,Meditation,Audio Only,10 min Sleep Meditation,2021-04-27 16:00 (BST),,,,,,,,,,
2021-05-07 06:30 (+01),On Demand,Matt Wilpers,60,Cycling,Power Zone,60 min Power Zone Endurance Ride,2020-11-21 13:52 (+01),512,142,42%,88,18.58,18.58,733,,,
2021-05-08 06:50 (+01),On Demand,Matt Wilpers,30,Cycling,Power Zone,30 min Power Zone Ride,2021-05-06 10:53 (+01),277,154,42%,89,18.85,9.42,397,,,
2021-05-09 14:04 (+01),On Demand,Matt Wilpers,30,Cycling,Power Zone,30 min Power Zone Endurance 90s Ride,2021-04-22 10:53 (+01),256,142,40%,91,18.41,9.21,366,,,
2021-05-10 11:05 (+01),On Demand,Olivia Amato,30,Cycling,Power Zone,30 min Power Zone Endurance Pop Ride,2021-02-26 17:23 (+01),263,146,40%,93,18.77,9.38,376,,,
2021-05-11 08:50 (+01),On Demand,Matt Wilpers,30,Cycling,Power Zone,30 min Power Zone Ride,2020-10-07 10:48 (+01),286,159,42%,90,19.25,9.63,409,,,
2021-05-14 06:46 (+01),On Demand,Matt Wilpers,30,Cycling,Power Zone,30 min BHM: Power Zone Endurance Ride,2021-02-06 13:50 (+01),239,133,40%,88,18.01,9.01,343,,,
2021-05-15 08:41 (+01),On Demand,Matt Wilpers,60,Cycling,Power Zone,60 min Power Zone Ride,2021-05-01 12:53 (+01),564,157,43%,87,19.24,19.24,808,,,
2021-05-15 21:58 (BST),On Demand,Aditi Shah,10,Meditation,Mindfulness,10 min APIHM Icons Meditation,2021-05-13 22:54 (BST),,,,,,,,,,
2021-05-16 22:12 (BST),On Demand,Aditi Shah,10,Meditation,Mindfulness,10 min APIHM Meditation,2021-05-10 15:00 (BST),,,,,,,,,,
2021-05-17 07:33 (+01),On Demand,Matt Wilpers,60,Cycling,Power Zone,60 min Power Zone Ride,2021-05-08 12:22 (+01),557,155,42%,89,19.11,19.11,799,,,
2021-05-17 22:13 (BST),On Demand,Aditi Shah,10,Meditation,Mindfulness,10 min APIHM Meditation,2021-05-17 15:00 (BST),,,,,,,,,,
2021-05-18 06:43 (+01),On Demand,Matt Wilpers,60,Cycling,Power Zone,60 min Power Zone Endurance Ride,2021-01-09 13:54 (+01),521,145,42%,89,18.71,18.71,747,,,
2021-05-18 22:11 (BST),On Demand,Aditi Shah,10,Meditation,Breathwork,10 min Breathwork,2021-05-18 15:00 (BST),,,,,,,,,,
2021-05-19 22:12 (BST),On Demand,Anna Greenberg,10,Meditation,Emotions,10 min Patience Meditation,2021-05-17 16:08 (BST),,,,,,,,,,
2021-05-20 07:08 (+01),On Demand,Matt Wilpers,30,Cycling,Power Zone,30 min Power Zone Endurance Ride,2020-08-12 12:52 (+01),243,135,40%,89,18.18,9.09,349,,,
2021-05-20 21:58 (BST),On Demand,Anna Greenberg,10,Meditation,Emotions,10 min Courage Meditation,2021-05-18 23:36 (BST),,,,,,,,,,
2021-05-21 06:33 (+01),On Demand,Olivia Amato,30,Cycling,Power Zone,30 min Power Zone Ride,2020-02-24 17:19 (+01),283,157,41%,92,19.05,9.53,405,,,
2021-05-21 22:14 (BST),On Demand,Aditi Shah,10,Meditation,Relax & Sleep,10 min Sleep Meditation,2021-05-21 15:00 (BST),,,,,,,,,,
2021-05-22 22:13 (BST),On Demand,Aditi Shah,10,Meditation,Relax & Sleep,10 min Calming Meditation,2021-05-20 23:35 (BST),,,,,,,,,,
2021-05-23 22:04 (BST),On Demand,Ross Rayburn,10,Meditation,Mindfulness,10 min Breathing Meditation,2021-05-22 15:09 (BST),,,,,,,,,,
2021-05-24 06:43 (+01),On Demand,Matt Wilpers,60,Cycling,Power Zone,60 min Power Zone Ride,2021-05-08 12:22 (+01),584,162,43%,91,19.46,19.46,837,,,
2021-05-24 21:59 (BST),On Demand,Aditi Shah,10,Meditation,Mindfulness,10 min APIHM Meditation,2021-05-24 15:00 (BST),,,,,,,,,,
2021-05-25 22:12 (BST),On Demand,Aditi Shah,10,Meditation,Audio Only,10 min Patience Meditation,2021-05-25 16:00 (BST),,,,,,,,,,
2021-05-26 07:06 (+01),On Demand,Matt Wilpers,60,Cycling,Power Zone,60 min Power Zone Endurance Ride,2021-05-22 12:24 (+01),463,128,40%,89,17.86,17.87,663,,,
2021-05-27 21:47 (BST),On Demand,Ross Rayburn,10,Meditation,Emotions,10 min Happiness Meditation,2021-05-27 13:37 (BST),,,,,,,,,,
2021-05-28 07:01 (+01),On Demand,Olivia Amato,30,Cycling,Intervals,30 min Tabata Ride,2021-05-24 10:54 (+01),291,161,45%,83,18.66,9.33,416,,,
2021-05-30 22:18 (BST),On Demand,Aditi Shah,10,Meditation,Emotions,10 min Courage Meditation,2021-05-27 23:37 (BST),,,,,,,,,,
2021-05-31 22:05 (BST),On Demand,Anna Greenberg,10,Meditation,Relax & Sleep,10 min Calming Meditation,2021-05-25 23:38 (BST),,,,,,,,,,
2021-06-01 05:39 (+01),On Demand,Matt Wilpers,60,Cycling,Power Zone,60 min Power Zone Ride,2021-03-27 12:52 (+01),562,156,43%,87,19.01,19.01,805,,,
2021-06-01 21:42 (BST),On Demand,Ross Rayburn,10,Meditation,Audio Only,10 min Courage Meditation,2021-05-21 16:00 (BST),,,,,,,,,,
2021-06-03 22:16 (BST),On Demand,Kristin McGee,10,Meditation,Relax & Sleep,10 min Sleep Meditation,2021-06-03 15:00 (BST),,,,,,,,,,
2021-06-04 05:46 (+01),On Demand,Matt Wilpers,60,Cycling,Power Zone,60 min Power Zone Endurance Ride,2020-12-05 13:51 (+01),506,141,41%,87,18.44,18.44,725,,,
2021-06-05 08:29 (+01),On Demand,Hannah Frankson,30,Cycling,Intervals,30 min Tabata Ride,2021-05-21 13:55 (+01),298,166,46%,80,18.70,9.35,427,,,
2021-06-06 22:10 (BST),On Demand,Ross Rayburn,10,Meditation,Breathwork,10 min Breathwork,2021-06-03 13:37 (BST),,,,,,,,,,
2021-06-07 05:53 (+01),On Demand,Matt Wilpers,60,Cycling,Power Zone,60 min Power Zone Ride,2021-06-05 12:24 (+01),555,154,43%,87,19.00,19.00,796,,,
2021-06-07 22:07 (BST),On Demand,Ross Rayburn,10,Meditation,Emotions,10 min Meditation for Healing,2021-06-07 15:00 (BST),,,,,,,,,,
2021-06-10 05:46 (+01),On Demand,Matt Wilpers,60,Cycling,Power Zone,60 min Power Zone Endurance Ride,2021-04-24 12:23 (+01),513,143,42%,86,18.52,18.53,735,,,
2021-06-10 22:21 (BST),On Demand,Ross Rayburn,15,Meditation,Audio Only,15 min Sleep Meditation,2021-06-08 16:00 (BST),,,,,,,,,,
2021-06-11 05:48 (+01),On Demand,Olivia Amato,30,Cycling,Intervals,30 min Tabata Ride,2021-06-07 10:51 (+01),287,159,50%,70,18.18,9.09,411,,,
2021-06-12 22:12 (BST),On Demand,Anna Greenberg,10,Meditation,Zen in Ten,Zen in Ten,2021-06-09 13:37 (BST),,,,,,,,,,
2021-06-14 05:50 (+01),On Demand,Matt Wilpers,60,Cycling,Power Zone,60 min Power Zone Endurance Ride,2021-05-22 12:24 (+01),440,122,40%,84,17.44,17.44,630,,,
2021-06-15 05:49 (+01),On Demand,Matt Wilpers,60,Cycling,Power Zone,60 min Power Zone Ride,2021-05-08 12:22 (+01),589,163,43%,91,19.53,19.54,843,,,
2021-06-18 05:45 (+01),On Demand,Matt Wilpers,30,Cycling,Power Zone,30 min APIHM Power Zone Endurance Ride,2021-05-26 10:54 (+01),247,137,41%,87,18.15,9.08,353,,,
2021-06-21 23:01 (BST),On Demand,Ross Rayburn,10,Meditation,Relax & Sleep,10 min Sleep Meditation,2021-06-14 15:00 (BST),,,,,,,,,,
2021-06-22 05:44 (+01),On Demand,Matt Wilpers,45,Cycling,Power Zone,45 min Power Zone Endurance Ride,2021-06-16 10:53 (+01),390,144,41%,90,18.69,14.01,559,,,
2021-06-23 10:08 (+01),On Demand,Matt Wilpers,30,Cycling,Power Zone,30 min Power Zone Endurance Ride,2021-06-18 21:54 (+01),261,145,40%,92,18.66,9.34,373,,,
2021-06-24 09:21 (+01),On Demand,Matt Wilpers,30,Cycling,Power Zone,30 min Power Zone Ride,2020-10-07 10:48 (+01),286,159,42%,90,19.26,9.63,410,,,
2021-06-25 10:43 (+01),On Demand,Sam Yo,30,Cycling,Intervals,30 min HIIT & Hills Ride,2021-06-23 07:25 (+01),273,152,48%,76,18.62,9.31,391,,,
2021-06-29 09:49 (+01),On Demand,Matt Wilpers,45,Cycling,Power Zone,45 min Power Zone Endurance Ride,2021-06-02 10:53 (+01),389,144,41%,90,18.60,13.95,557,,,
2021-06-30 09:34 (+01),On Demand,Matt Wilpers,15,Cycling,Power Zone,15 min FTP Warm Up Ride,2019-03-22 19:18 (+01),115,128,38%,95,17.57,4.39,165,,,
2021-06-30 09:56 (+01),On Demand,Matt Wilpers,20,Cycling,Power Zone,20 min FTP Test Ride,2019-05-10 19:58 (+01),250,208,49%,88,21.69,7.23,358,,,
2021-07-02 08:16 (+01),On Demand,Olivia Amato,15,Cycling,Low Impact,15 min Low Impact Ride,2021-06-27 16:45 (+01),105,117,38%,87,17.05,4.27,151,,,
2021-07-04 08:55 (+01),On Demand,Matt Wilpers,30,Cycling,Power Zone,30 min Power Zone Ride,2021-05-06 10:53 (+01),294,163,43%,88,19.27,9.64,422,,,
2021-07-06 10:58 (+01),On Demand,Matt Wilpers,30,Cycling,Power Zone,30 min Power Zone Endurance Ride,2021-05-19 10:52 (+01),269,150,42%,90,18.94,9.47,386,,,
2021-07-07 09:42 (+01),On Demand,Matt Wilpers,45,Cycling,Power Zone,45 min Power Zone Ride,2021-06-09 10:53 (+01),437,162,43%,89,19.54,14.66,627,,,
2021-07-09 10:14 (+01),On Demand,Matt Wilpers,45,Cycling,Power Zone,45 min Power Zone Endurance Ride,2021-04-21 10:53 (+01),409,152,42%,89,19.02,14.26,586,,,
